X,Y,Z,Log_X,Sqrt_Y,Square_Z,Exp_X,Sum_XY,Z_per_X
44,17,12,3.784189633918261,4.123105625617661,144,1.2851600114359308e+19,61,0.2727272727272727
13,13,18,2.5649493574615367,3.605551275463989,324,442413.3920089205,26,1.3846153846153846
12,18,35,2.4849066497880004,4.242640687119285,1225,162754.79141900392,30,2.9166666666666665
19,3,28,2.9444389791664403,1.7320508075688772,784,178482300.96318725,22,1.4736842105263157
36,19,30,3.58351893845611,4.358898943540674,900,4311231547115195.0,55,0.8333333333333334
